Workbook

Sheet Cook log
A1: Date | B1: Day | C1: Dish | D1: Notes
A2: 46153 | B2: =IF(A2="","",TEXT(A2,"ddd")) | C2: Taiwanese pork chop | D2: planned (week of 11 May 2026)
A3: 46153 | B3: =IF(A3="","",TEXT(A3,"ddd")) | C3: Fried rice with prawns | D3: planned (week of 11 May 2026)
A4: 46154 | B4: =IF(A4="","",TEXT(A4,"ddd")) | C4: Steamed pomfret | D4: planned (week of 11 May 2026)
A5: 46154 | B5: =IF(A5="","",TEXT(A5,"ddd")) | C5: Pork rib king | D5: planned (week of 11 May 2026)
A6: 46154 | B6: =IF(A6="","",TEXT(A6,"ddd")) | C6: Eggplant with minced pork | D6: planned (week of 11 May 2026)
A7: 46155 | B7: =IF(A7="","",TEXT(A7,"ddd")) | C7: Ee-fu mee | D7: planned (week of 11 May 2026)
A8: 46155 | B8: =IF(A8="","",TEXT(A8,"ddd")) | C8: HK style steamed seabass | D8: planned (week of 11 May 2026)
A9: 46156 | B9: =IF(A9="","",TEXT(A9,"ddd")) | C9: Steamed egg (ah gong style) | D9: planned (week of 11 May 2026)
A10: 46156 | B10: =IF(A10="","",TEXT(A10,"ddd")) | C10: Radish pork rib soup with dates | D10: planned (week of 11 May 2026)
A11: 46156 | B11: =IF(A11="","",TEXT(A11,"ddd")) | C11: Wasabi mayo prawns | D11: planned (week of 11 May 2026)
A12: 46157 | B12: =IF(A12="","",TEXT(A12,"ddd")) | C12: Chicken chop | D12: planned (week of 11 May 2026)
A13: 46157 | B13: =IF(A13="","",TEXT(A13,"ddd")) | C13: Mash potatoes | D13: planned (week of 11 May 2026)
... A295: 46318 | B295: =IF(A295="","",TEXT(A295,"ddd")) | C295: Steamed rice | D295: planned (week of 19 Oct 2026)
B296: =IF(A296="","",TEXT(A296,"ddd"))
B297: =IF(A297="","",TEXT(A297,"ddd"))
B298: =IF(A298="","",TEXT(A298,"ddd"))
B299: =IF(A299="","",TEXT(A299,"ddd"))
B300: =IF(A300="","",TEXT(A300,"ddd"))

Sheet Dish rotation
A1: Dish | B1: Category | C1: Last cooked | D1: Days since | E1: Cook count | F1: Cool-down (days) | G1: Status | H1: Notes
A2: Taiwanese pork chop | B2: Pork | C2: =IFERROR(IF(MAXIFS('Cook log'!A2:A1000,'Cook log'!C2:C1000,A2)=0,"",MAXIFS('Cook log'!A2:A1000,'Cook log'!C2:C1000,A2)),"") | D2: =IF(C2="","",TODAY()-C2) | E2: =COUNTIF('Cook log'!C2:C1000,A2) | F2: 21 | G2: =IF(C2="","Never cooked",IF(D2<F2,"Cooldown","Due"))
A3: Fried rice with prawns | B3: Prawn | C3: =IFERROR(IF(MAXIFS('Cook log'!A2:A1000,'Cook log'!C2:C1000,A3)=0,"",MAXIFS('Cook log'!A2:A1000,'Cook log'!C2:C1000,A3)),"") | D3: =IF(C3="","",TODAY()-C3) | E3: =COUNTIF('Cook log'!C2:C1000,A3) | F3: 14 | G3: =IF(C3="","Never cooked",IF(D3<F3,"Cooldown","Due"))
A4: Steamed pomfret | B4: Fish | C4: =IFERROR(IF(MAXIFS('Cook log'!A2:A1000,'Cook log'!C2:C1000,A4)=0,"",MAXIFS('Cook log'!A2:A1000,'Cook log'!C2:C1000,A4)),"") | D4: =IF(C4="","",TODAY()-C4) | E4: =COUNTIF('Cook log'!C2:C1000,A4) | F4: 21 | G4: =IF(C4="","Never cooked",IF(D4<F4,"Cooldown","Due"))
A5: Pork rib king | B5: Pork | C5: =IFERROR(IF(MAXIFS('Cook log'!A2:A1000,'Cook log'!C2:C1000,A5)=0,"",MAXIFS('Cook log'!A2:A1000,'Cook log'!C2:C1000,A5)),"") | D5: =IF(C5="","",TODAY()-C5) | E5: =COUNTIF('Cook log'!C2:C1000,A5) | F5: 21 | G5: =IF(C5="","Never cooked",IF(D5<F5,"Cooldown","Due")) | H5: recipes/pork-rib-king.md - ingredients only, method in the video (0WXGuOQq_xU). x1.5 for 5 pax
A6: Eggplant with minced pork | B6: Pork | C6: =IFERROR(IF(MAXIFS('Cook log'!A2:A1000,'Cook log'!C2:C1000,A6)=0,"",MAXIFS('Cook log'!A2:A1000,'Cook log'!C2:C1000,A6)),"") | D6: =IF(C6="","",TODAY()-C6) | E6: =COUNTIF('Cook log'!C2:C1000,A6) | F6: 21 | G6: =IF(C6="","Never cooked",IF(D6<F6,"Cooldown","Due"))
A7: Ee-fu mee | B7: Noodle | C7: =IFERROR(IF(MAXIFS('Cook log'!A2:A1000,'Cook log'!C2:C1000,A7)=0,"",MAXIFS('Cook log'!A2:A1000,'Cook log'!C2:C1000,A7)),"") | D7: =IF(C7="","",TODAY()-C7) | E7: =COUNTIF('Cook log'!C2:C1000,A7) | F7: 21 | G7: =IF(C7="","Never cooked",IF(D7<F7,"Cooldown","Due"))
A8: HK style steamed seabass | B8: Fish | C8: =IFERROR(IF(MAXIFS('Cook log'!A2:A1000,'Cook log'!C2:C1000,A8)=0,"",MAXIFS('Cook log'!A2:A1000,'Cook log'!C2:C1000,A8)),"") | D8: =IF(C8="","",TODAY()-C8) | E8: =COUNTIF('Cook log'!C2:C1000,A8) | F8: 21 | G8: =IF(C8="","Never cooked",IF(D8<F8,"Cooldown","Due"))
A9: Steamed egg (ah gong style) | B9: Egg | C9: =IFERROR(IF(MAXIFS('Cook log'!A2:A1000,'Cook log'!C2:C1000,A9)=0,"",MAXIFS('Cook log'!A2:A1000,'Cook log'!C2:C1000,A9)),"") | D9: =IF(C9="","",TODAY()-C9) | E9: =COUNTIF('Cook log'!C2:C1000,A9) | F9: 14 | G9: =IF(C9="","Never cooked",IF(D9<F9,"Cooldown","Due"))
A10: Radish pork rib soup with dates | B10: Soup | C10: =IFERROR(IF(MAXIFS('Cook log'!A2:A1000,'Cook log'!C2:C1000,A10)=0,"",MAXIFS('Cook log'!A2:A1000,'Cook log'!C2:C1000,A10)),"") | D10: =IF(C10="","",TODAY()-C10) | E10: =COUNTIF('Cook log'!C2:C1000,A10) | F10: 21 | G10: =IF(C10="","Never cooked",IF(D10<F10,"Cooldown","Due"))
A11: Wasabi mayo prawns | B11: Prawn | C11: =IFERROR(IF(MAXIFS('Cook log'!A2:A1000,'Cook log'!C2:C1000,A11)=0,"",MAXIFS('Cook log'!A2:A1000,'Cook log'!C2:C1000,A11)),"") | D11: =IF(C11="","",TODAY()-C11) | E11: =COUNTIF('Cook log'!C2:C1000,A11) | F11: 21 | G11: =IF(C11="","Never cooked",IF(D11<F11,"Cooldown","Due"))
A12: Chicken chop | B12: Chicken | C12: =IFERROR(IF(MAXIFS('Cook log'!A2:A1000,'Cook log'!C2:C1000,A12)=0,"",MAXIFS('Cook log'!A2:A1000,'Cook log'!C2:C1000,A12)),"") | D12: =IF(C12="","",TODAY()-C12) | E12: =COUNTIF('Cook log'!C2:C1000,A12) | F12: 21 | G12: =IF(C12="","Never cooked",IF(D12<F12,"Cooldown","Due"))
A13: Mash potatoes | B13: Side | C13: =IFERROR(IF(MAXIFS('Cook log'!A2:A1000,'Cook log'!C2:C1000,A13)=0,"",MAXIFS('Cook log'!A2:A1000,'Cook log'!C2:C1000,A13)),"") | D13: =IF(C13="","",TODAY()-C13) | E13: =COUNTIF('Cook log'!C2:C1000,A13) | F13: 21 | G13: =IF(C13="","Never cooked",IF(D13<F13,"Cooldown","Due"))
A14: Roasted vegetables (oven) | B14: Vegetable | C14: =IFERROR(IF(MAXIFS('Cook log'!A2:A1000,'Cook log'!C2:C1000,A14)=0,"",MAXIFS('Cook log'!A2:A1000,'Cook log'!C2:C1000,A14)),"") | D14: =IF(C14="","",TODAY()-C14) | E14: =COUNTIF('Cook log'!C2:C1000,A14) | F14: 21 | G14: =IF(C14="","Never cooked",IF(D14<F14,"Cooldown","Due")) | H14: recipes/roasted-vegetables.md - ingredients only; x1.25 for 5 pax; potato wedges left out when roast potatoes are served
A15: Sticky pork belly | B15: Pork | C15: =IFERROR(IF(MAXIFS('Cook log'!A2:A1000,'Cook log'!C2:C1000,A15)=0,"",MAXIFS('Cook log'!A2:A1000,'Cook log'!C2:C1000,A15)),"") | D15: =IF(C15="","",TODAY()-C15) | E15: =COUNTIF('Cook log'!C2:C1000,A15) | F15: 21 | G15: =IF(C15="","Never cooked",IF(D15<F15,"Cooldown","Due"))
A16: Taiwanese braised pork rice | B16: Pork | C16: =IFERROR(IF(MAXIFS('Cook log'!A2:A1000,'Cook log'!C2:C1000,A16)=0,"",MAXIFS('Cook log'!A2:A1000,'Cook log'!C2:C1000,A16)),"") | D16: =IF(C16="","",TODAY()-C16) | E16: =COUNTIF('Cook log'!C2:C1000,A16) | F16: 28 | G16: =IF(C16="","Never cooked",IF(D16<F16,"Cooldown","Due")) | H16: recipes/taiwanese-braised-pork-rice.md - ingredients only, method in the video (hqcVtqGoRG0)
A17: Steamed fish paste with minced meat | B17: Fish | C17: =IFERROR(IF(MAXIFS('Cook log'!A2:A1000,'Cook log'!C2:C1000,A17)=0,"",MAXIFS('Cook log'!A2:A1000,'Cook log'!C2:C1000,A17)),"") | D17: =IF(C17="","",TODAY()-C17) | E17: =COUNTIF('Cook log'!C2:C1000,A17) | F17: 28 | G17: =IF(C17="","Never cooked",IF(D17<F17,"Cooldown","Due")) | H17: recipes/steamed-fish-paste-with-minced-pork.md - user's own recipe, revised 17 Oct 2026: pork 1/3 and garlic paste 1/4-1/3 of the fish paste by volume; oil on top; steam 15 min. Never cooked
A18: Steamed tofu with minced pork | B18: Egg | C18: =IFERROR(IF(MAXIFS('Cook log'!A2:A1000,'Cook log'!C2:C1000,A18)=0,"",MAXIFS('Cook log'!A2:A1000,'Cook log'!C2:C1000,A18)),"") | D18: =IF(C18="","",TODAY()-C18) | E18: =COUNTIF('Cook log'!C2:C1000,A18) | F18: 21 | G18: =IF(C18="","Never cooked",IF(D18<F18,"Cooldown","Due"))
A19: Ah gong gai fan | B19: Chicken | C19: =IFERROR(IF(MAXIFS('Cook log'!A2:A1000,'Cook log'!C2:C1000,A19)=0,"",MAXIFS('Cook log'!A2:A1000,'Cook log'!C2:C1000,A19)),"") | D19: =IF(C19="","",TODAY()-C19) | E19: =COUNTIF('Cook log'!C2:C1000,A19) | F19: 21 | G19: =IF(C19="","Never cooked",IF(D19<F19,"Cooldown","Due"))
A20: Sesame chicken mee sua | B20: Chicken | C20: =IFERROR(IF(MAXIFS('Cook log'!A2:A1000,'Cook log'!C2:C1000,A20)=0,"",MAXIFS('Cook log'!A2:A1000,'Cook log'!C2:C1000,A20)),"") | D20: =IF(C20="","",TODAY()-C20) | E20: =COUNTIF('Cook log'!C2:C1000,A20) | F20: 21 | G20: =IF(C20="","Never cooked",IF(D20<F20,"Cooldown","Due"))
A21: Teriyaki chicken cutlet | B21: Chicken | C21: =IFERROR(IF(MAXIFS('Cook log'!A2:A1000,'Cook log'!C2:C1000,A21)=0,"",MAXIFS('Cook log'!A2:A1000,'Cook log'!C2:C1000,A21)),"") | D21: =IF(C21="","",TODAY()-C21) | E21: =COUNTIF('Cook log'!C2:C1000,A21) | F21: 28 | G21: =IF(C21="","Never cooked",IF(D21<F21,"Cooldown","Due"))
A22: Macau Portuguese chicken rice | B22: Chicken | C22: =IFERROR(IF(MAXIFS('Cook log'!A2:A1000,'Cook log'!C2:C1000,A22)=0,"",MAXIFS('Cook log'!A2:A1000,'Cook log'!C2:C1000,A22)),"") | D22: =IF(C22="","",TODAY()-C22) | E22: =COUNTIF('Cook log'!C2:C1000,A22) | F22: 35 | G22: =IF(C22="","Never cooked",IF(D22<F22,"Cooldown","Due"))
A23: Claypot chicken rice | B23: Chicken | C23: =IFERROR(IF(MAXIFS('Cook log'!A2:A1000,'Cook log'!C2:C1000,A23)=0,"",MAXIFS('Cook log'!A2:A1000,'Cook log'!C2:C1000,A23)),"") | D23: =IF(C23="","",TODAY()-C23) | E23: =COUNTIF('Cook log'!C2:C1000,A23) | F23: 28 | G23: =IF(C23="","Never cooked",IF(D23<F23,"Cooldown","Due"))
A24: Baked chicken wings | B24: Chicken | C24: =IFERROR(IF(MAXIFS('Cook log'!A2:A1000,'Cook log'!C2:C1000,A24)=0,"",MAXIFS('Cook log'!A2:A1000,'Cook log'!C2:C1000,A24)),"") | D24: =IF(C24="","",TODAY()-C24) | E24: =COUNTIF('Cook log'!C2:C1000,A24) | F24: 21 | G24: =IF(C24="","Never cooked",IF(D24<F24,"Cooldown","Due")) | H24: recipes/soy-and-oyster-sauce-wings.md - oven method; individually frozen mid wings, x0.6 marinade. Never cooked
A25: Steamed baby threadfin | B25: Fish | C25: =IFERROR(IF(MAXIFS('Cook log'!A2:A1000,'Cook log'!C2:C1000,A25)=0,"",MAXIFS('Cook log'!A2:A1000,'Cook log'!C2:C1000,A25)),"") | D25: =IF(C25="","",TODAY()-C25) | E25: =COUNTIF('Cook log'!C2:C1000,A25) | F25: 21 | G25: =IF(C25="","Never cooked",IF(D25<F25,"Cooldown","Due"))
A26: Salmon kabayaki | B26: Fish | C26: =IFERROR(IF(MAXIFS('Cook log'!A2:A1000,'Cook log'!C2:C1000,A26)=0,"",MAXIFS('Cook log'!A2:A1000,'Cook log'!C2:C1000,A26)),"") | D26: =IF(C26="","",TODAY()-C26) | E26: =COUNTIF('Cook log'!C2:C1000,A26) | F26: 28 | G26: =IF(C26="","Never cooked",IF(D26<F26,"Cooldown","Due"))
A27: Lemon butter salmon | B27: Fish | C27: =IFERROR(IF(MAXIFS('Cook log'!A2:A1000,'Cook log'!C2:C1000,A27)=0,"",MAXIFS('Cook log'!A2:A1000,'Cook log'!C2:C1000,A27)),"") | D27: =IF(C27="","",TODAY()-C27) | E27: =COUNTIF('Cook log'!C2:C1000,A27) | F27: 28 | G27: =IF(C27="","Never cooked",IF(D27<F27,"Cooldown","Due"))
A28: Assam fish | B28: Fish | C28: =IFERROR(IF(MAXIFS('Cook log'!A2:A1000,'Cook log'!C2:C1000,A28)=0,"",MAXIFS('Cook log'!A2:A1000,'Cook log'!C2:C1000,A28)),"") | D28: =IF(C28="","",TODAY()-C28) | E28: =COUNTIF('Cook log'!C2:C1000,A28) | F28: 28 | G28: =IF(C28="","Never cooked",IF(D28<F28,"Cooldown","Due"))
A29: Thai style steamed seabass | B29: Fish | C29: =IFERROR(IF(MAXIFS('Cook log'!A2:A1000,'Cook log'!C2:C1000,A29)=0,"",MAXIFS('Cook log'!A2:A1000,'Cook log'!C2:C1000,A29)),"") | D29: =IF(C29="","",TODAY()-C29) | E29: =COUNTIF('Cook log'!C2:C1000,A29) | F29: 28 | G29: =IF(C29="","Never cooked",IF(D29<F29,"Cooldown","Due")) | H29: recipes/thai-style-steamed-fish.md - ingredients only, method in the video (-2hNdMmJogU); one 700g fish, chillies cut to 4-5
A30: Fish soup | B30: Fish | C30: =IFERROR(IF(MAXIFS('Cook log'!A2:A1000,'Cook log'!C2:C1000,A30)=0,"",MAXIFS('Cook log'!A2:A1000,'Cook log'!C2:C1000,A30)),"") | D30: =IF(C30="","",TODAY()-C30) | E30: =COUNTIF('Cook log'!C2:C1000,A30) | F30: 21 | G30: =IF(C30="","Never cooked",IF(D30<F30,"Cooldown","Due"))
A31: Prawn omelette | B31: Prawn | C31: =IFERROR(IF(MAXIFS('Cook log'!A2:A1000,'Cook log'!C2:C1000,A31)=0,"",MAXIFS('Cook log'!A2:A1000,'Cook log'!C2:C1000,A31)),"") | D31: =IF(C31="","",TODAY()-C31) | E31: =COUNTIF('Cook log'!C2:C1000,A31) | F31: 21 | G31: =IF(C31="","Never cooked",IF(D31<F31,"Cooldown","Due"))
A32: Pineapple fried rice | B32: Rice | C32: =IFERROR(IF(MAXIFS('Cook log'!A2:A1000,'Cook log'!C2:C1000,A32)=0,"",MAXIFS('Cook log'!A2:A1000,'Cook log'!C2:C1000,A32)),"") | D32: =IF(C32="","",TODAY()-C32) | E32: =COUNTIF('Cook log'!C2:C1000,A32) | F32: 28 | G32: =IF(C32="","Never cooked",IF(D32<F32,"Cooldown","Due"))
A33: Egg fried rice | B33: Rice | C33: =IFERROR(IF(MAXIFS('Cook log'!A2:A1000,'Cook log'!C2:C1000,A33)=0,"",MAXIFS('Cook log'!A2:A1000,'Cook log'!C2:C1000,A33)),"") | D33: =IF(C33="","",TODAY()-C33) | E33: =COUNTIF('Cook log'!C2:C1000,A33) | F33: 14 | G33: =IF(C33="","Never cooked",IF(D33<F33,"Cooldown","Due"))
A34: Yam rice | B34: Rice | C34: =IFERROR(IF(MAXIFS('Cook log'!A2:A1000,'Cook log'!C2:C1000,A34)=0,"",MAXIFS('Cook log'!A2:A1000,'Cook log'!C2:C1000,A34)),"") | D34: =IF(C34="","",TODAY()-C34) | E34: =COUNTIF('Cook log'!C2:C1000,A34) | F34: 28 | G34: =IF(C34="","Never cooked",IF(D34<F34,"Cooldown","Due")) | H34: recipes/yam-rice.md - pork belly version (user, 17 Oct 2026), x1.6. Never cooked
A35: Hokkien kiam png | B35: Rice | C35: =IFERROR(IF(MAXIFS('Cook log'!A2:A1000,'Cook log'!C2:C1000,A35)=0,"",MAXIFS('Cook log'!A2:A1000,'Cook log'!C2:C1000,A35)),"") | D35: =IF(C35="","",TODAY()-C35) | E35: =COUNTIF('Cook log'!C2:C1000,A35) | F35: 28 | G35: =IF(C35="","Never cooked",IF(D35<F35,"Cooldown","Due"))
A36: Stir fried bee hoon | B36: Noodle | C36: =IFERROR(IF(MAXIFS('Cook log'!A2:A1000,'Cook log'!C2:C1000,A36)=0,"",MAXIFS('Cook log'!A2:A1000,'Cook log'!C2:C1000,A36)),"") | D36: =IF(C36="","",TODAY()-C36) | E36: =COUNTIF('Cook log'!C2:C1000,A36) | F36: 14 | G36: =IF(C36="","Never cooked",IF(D36<F36,"Cooldown","Due"))
A37: Fried udon | B37: Noodle | C37: =IFERROR(IF(MAXIFS('Cook log'!A2:A1000,'Cook log'!C2:C1000,A37)=0,"",MAXIFS('Cook log'!A2:A1000,'Cook log'!C2:C1000,A37)),"") | D37: =IF(C37="","",TODAY()-C37) | E37: =COUNTIF('Cook log'!C2:C1000,A37) | F37: 21 | G37: =IF(C37="","Never cooked",IF(D37<F37,"Cooldown","Due"))
A38: Hong Kong style fried noodles | B38: Noodle | C38: =IFERROR(IF(MAXIFS('Cook log'!A2:A1000,'Cook log'!C2:C1000,A38)=0,"",MAXIFS('Cook log'!A2:A1000,'Cook log'!C2:C1000,A38)),"") | D38: =IF(C38="","",TODAY()-C38) | E38: =COUNTIF('Cook log'!C2:C1000,A38) | F38: 21 | G38: =IF(C38="","Never cooked",IF(D38<F38,"Cooldown","Due"))
A39: Pork noodle soup | B39: Noodle | C39: =IFERROR(IF(MAXIFS('Cook log'!A2:A1000,'Cook log'!C2:C1000,A39)=0,"",MAXIFS('Cook log'!A2:A1000,'Cook log'!C2:C1000,A39)),"") | D39: =IF(C39="","",TODAY()-C39) | E39: =COUNTIF('Cook log'!C2:C1000,A39) | F39: 21 | G39: =IF(C39="","Never cooked",IF(D39<F39,"Cooldown","Due"))
A40: Ah gong fried prawn noodle | B40: Noodle | C40: =IFERROR(IF(MAXIFS('Cook log'!A2:A1000,'Cook log'!C2:C1000,A40)=0,"",MAXIFS('Cook log'!A2:A1000,'Cook log'!C2:C1000,A40)),"") | D40: =IF(C40="","",TODAY()-C40) | E40: =COUNTIF('Cook log'!C2:C1000,A40) | F40: 28 | G40: =IF(C40="","Never cooked",IF(D40<F40,"Cooldown","Due"))
A41: ABC soup | B41: Soup | C41: =IFERROR(IF(MAXIFS('Cook log'!A2:A1000,'Cook log'!C2:C1000,A41)=0,"",MAXIFS('Cook log'!A2:A1000,'Cook log'!C2:C1000,A41)),"") | D41: =IF(C41="","",TODAY()-C41) | E41: =COUNTIF('Cook log'!C2:C1000,A41) | F41: 14 | G41: =IF(C41="","Never cooked",IF(D41<F41,"Cooldown","Due"))
A42: Watercress pork rib soup | B42: Soup | C42: =IFERROR(IF(MAXIFS('Cook log'!A2:A1000,'Cook log'!C2:C1000,A42)=0,"",MAXIFS('Cook log'!A2:A1000,'Cook log'!C2:C1000,A42)),"") | D42: =IF(C42="","",TODAY()-C42) | E42: =COUNTIF('Cook log'!C2:C1000,A42) | F42: 21 | G42: =IF(C42="","Never cooked",IF(D42<F42,"Cooldown","Due"))
A43: Old cucumber pork rib soup | B43: Soup | C43: =IFERROR(IF(MAXIFS('Cook log'!A2:A1000,'Cook log'!C2:C1000,A43)=0,"",MAXIFS('Cook log'!A2:A1000,'Cook log'!C2:C1000,A43)),"") | D43: =IF(C43="","",TODAY()-C43) | E43: =COUNTIF('Cook log'!C2:C1000,A43) | F43: 21 | G43: =IF(C43="","Never cooked",IF(D43<F43,"Cooldown","Due"))
A44: Winter melon pork rib soup | B44: Soup | C44: =IFERROR(IF(MAXIFS('Cook log'!A2:A1000,'Cook log'!C2:C1000,A44)=0,"",MAXIFS('Cook log'!A2:A1000,'Cook log'!C2:C1000,A44)),"") | D44: =IF(C44="","",TODAY()-C44) | E44: =COUNTIF('Cook log'!C2:C1000,A44) | F44: 28 | G44: =IF(C44="","Never cooked",IF(D44<F44,"Cooldown","Due"))
A45: Pork rib spinach soup | B45: Soup | C45: =IFERROR(IF(MAXIFS('Cook log'!A2:A1000,'Cook log'!C2:C1000,A45)=0,"",MAXIFS('Cook log'!A2:A1000,'Cook log'!C2:C1000,A45)),"") | D45: =IF(C45="","",TODAY()-C45) | E45: =COUNTIF('Cook log'!C2:C1000,A45) | F45: 21 | G45: =IF(C45="","Never cooked",IF(D45<F45,"Cooldown","Due"))
A46: Mushroom soup | B46: Soup | C46: =IFERROR(IF(MAXIFS('Cook log'!A2:A1000,'Cook log'!C2:C1000,A46)=0,"",MAXIFS('Cook log'!A2:A1000,'Cook log'!C2:C1000,A46)),"") | D46: =IF(C46="","",TODAY()-C46) | E46: =COUNTIF('Cook log'!C2:C1000,A46) | F46: 28 | G46: =IF(C46="","Never cooked",IF(D46<F46,"Cooldown","Due"))
A47: Fishball soup with cabbage | B47: Soup | C47: =IFERROR(IF(MAXIFS('Cook log'!A2:A1000,'Cook log'!C2:C1000,A47)=0,"",MAXIFS('Cook log'!A2:A1000,'Cook log'!C2:C1000,A47)),"") | D47: =IF(C47="","",TODAY()-C47) | E47: =COUNTIF('Cook log'!C2:C1000,A47) | F47: 21 | G47: =IF(C47="","Never cooked",IF(D47<F47,"Cooldown","Due"))
A48: Tomato egg | B48: Egg | C48: =IFERROR(IF(MAXIFS('Cook log'!A2:A1000,'Cook log'!C2:C1000,A48)=0,"",MAXIFS('Cook log'!A2:A1000,'Cook log'!C2:C1000,A48)),"") | D48: =IF(C48="","",TODAY()-C48) | E48: =COUNTIF('Cook log'!C2:C1000,A48) | F48: 14 | G48: =IF(C48="","Never cooked",IF(D48<F48,"Cooldown","Due"))
A49: Egg with preserved radish | B49: Egg | C49: =IFERROR(IF(MAXIFS('Cook log'!A2:A1000,'Cook log'!C2:C1000,A49)=0,"",MAXIFS('Cook log'!A2:A1000,'Cook log'!C2:C1000,A49)),"") | D49: =IF(C49="","",TODAY()-C49) | E49: =COUNTIF('Cook log'!C2:C1000,A49) | F49: 21 | G49: =IF(C49="","Never cooked",IF(D49<F49,"Cooldown","Due"))
A50: Three egg spinach broth | B50: Egg | C50: =IFERROR(IF(MAXIFS('Cook log'!A2:A1000,'Cook log'!C2:C1000,A50)=0,"",MAXIFS('Cook log'!A2:A1000,'Cook log'!C2:C1000,A50)),"") | D50: =IF(C50="","",TODAY()-C50) | E50: =COUNTIF('Cook log'!C2:C1000,A50) | F50: 28 | G50: =IF(C50="","Never cooked",IF(D50<F50,"Cooldown","Due"))
A51: Steamed tofu with soy garlic sauce | B51: Egg | C51: =IFERROR(IF(MAXIFS('Cook log'!A2:A1000,'Cook log'!C2:C1000,A51)=0,"",MAXIFS('Cook log'!A2:A1000,'Cook log'!C2:C1000,A51)),"") | D51: =IF(C51="","",TODAY()-C51) | E51: =COUNTIF('Cook log'!C2:C1000,A51) | F51: 21 | G51: =IF(C51="","Never cooked",IF(D51<F51,"Cooldown","Due"))
A52: Stir fried Sichuan string beans | B52: Vegetable | C52: =IFERROR(IF(MAXIFS('Cook log'!A2:A1000,'Cook log'!C2:C1000,A52)=0,"",MAXIFS('Cook log'!A2:A1000,'Cook log'!C2:C1000,A52)),"") | D52: =IF(C52="","",TODAY()-C52) | E52: =COUNTIF('Cook log'!C2:C1000,A52) | F52: 21 | G52: =IF(C52="","Never cooked",IF(D52<F52,"Cooldown","Due"))
A53: Stir fried baby spinach | B53: Vegetable | C53: =IFERROR(IF(MAXIFS('Cook log'!A2:A1000,'Cook log'!C2:C1000,A53)=0,"",MAXIFS('Cook log'!A2:A1000,'Cook log'!C2:C1000,A53)),"") | D53: =IF(C53="","",TODAY()-C53) | E53: =COUNTIF('Cook log'!C2:C1000,A53) | F53: 14 | G53: =IF(C53="","Never cooked",IF(D53<F53,"Cooldown","Due"))
A54: Broccoli stir fry with mushroom | B54: Vegetable | C54: =IFERROR(IF(MAXIFS('Cook log'!A2:A1000,'Cook log'!C2:C1000,A54)=0,"",MAXIFS('Cook log'!A2:A1000,'Cook log'!C2:C1000,A54)),"") | D54: =IF(C54="","",TODAY()-C54) | E54: =COUNTIF('Cook log'!C2:C1000,A54) | F54: 14 | G54: =IF(C54="","Never cooked",IF(D54<F54,"Cooldown","Due"))
A56: Moroccan vegetable stew | B56: Vegetable | C56: =IFERROR(IF(MAXIFS('Cook log'!A2:A1000,'Cook log'!C2:C1000,A56)=0,"",MAXIFS('Cook log'!A2:A1000,'Cook log'!C2:C1000,A56)),"") | D56: =IF(C56="","",TODAY()-C56) | E56: =COUNTIF('Cook log'!C2:C1000,A56) | F56: 28 | G56: =IF(C56="","Never cooked",IF(D56<F56,"Cooldown","Due"))
A57: Hey zho (prawn rolls) | B57: Side | C57: =IFERROR(IF(MAXIFS('Cook log'!A2:A1000,'Cook log'!C2:C1000,A57)=0,"",MAXIFS('Cook log'!A2:A1000,'Cook log'!C2:C1000,A57)),"") | D57: =IF(C57="","",TODAY()-C57) | E57: =COUNTIF('Cook log'!C2:C1000,A57) | F57: 21 | G57: =IF(C57="","Never cooked",IF(D57<F57,"Cooldown","Due")) | H57: recipes/hey-zho.md - makes 13 rolls / 39 pieces; steamed 15 min, cooled, cornflour-coated, deep-fried. Needs 1kg peeled prawns, 5-spice beancurd skin. Never cooked
A58: Thai fishcakes | B58: Side | C58: =IFERROR(IF(MAXIFS('Cook log'!A2:A1000,'Cook log'!C2:C1000,A58)=0,"",MAXIFS('Cook log'!A2:A1000,'Cook log'!C2:C1000,A58)),"") | D58: =IF(C58="","",TODAY()-C58) | E58: =COUNTIF('Cook log'!C2:C1000,A58) | F58: 28 | G58: =IF(C58="","Never cooked",IF(D58<F58,"Cooldown","Due")) | H58: recipes/thai-fish-cakes.md - PRE-SCALED to 5.5 pax (x1.6); original video ingredients + user-supplied guide quantities. Deep-fried; spicy (red curry paste)
A59: Beef steak | B59: Beef | C59: =IFERROR(IF(MAXIFS('Cook log'!A2:A1000,'Cook log'!C2:C1000,A59)=0,"",MAXIFS('Cook log'!A2:A1000,'Cook log'!C2:C1000,A59)),"") | D59: =IF(C59="","",TODAY()-C59) | E59: =COUNTIF('Cook log'!C2:C1000,A59) | F59: 28 | G59: =IF(C59="","Never cooked",IF(D59<F59,"Cooldown","Due"))
A60: Cubano sandwich | B60: Western | C60: =IFERROR(IF(MAXIFS('Cook log'!A2:A1000,'Cook log'!C2:C1000,A60)=0,"",MAXIFS('Cook log'!A2:A1000,'Cook log'!C2:C1000,A60)),"") | D60: =IF(C60="","",TODAY()-C60) | E60: =COUNTIF('Cook log'!C2:C1000,A60) | F60: 35 | G60: =IF(C60="","Never cooked",IF(D60<F60,"Cooldown","Due"))
A61: Philly cheesesteak | B61: Western | C61: =IFERROR(IF(MAXIFS('Cook log'!A2:A1000,'Cook log'!C2:C1000,A61)=0,"",MAXIFS('Cook log'!A2:A1000,'Cook log'!C2:C1000,A61)),"") | D61: =IF(C61="","",TODAY()-C61) | E61: =COUNTIF('Cook log'!C2:C1000,A61) | F61: 35 | G61: =IF(C61="","Never cooked",IF(D61<F61,"Cooldown","Due"))
A62: Green curry | B62: Other | C62: =IFERROR(IF(MAXIFS('Cook log'!A2:A1000,'Cook log'!C2:C1000,A62)=0,"",MAXIFS('Cook log'!A2:A1000,'Cook log'!C2:C1000,A62)),"") | D62: =IF(C62="","",TODAY()-C62) | E62: =COUNTIF('Cook log'!C2:C1000,A62) | F62: 28 | G62: =IF(C62="","Never cooked",IF(D62<F62,"Cooldown","Due")) | H62: recipes/thai-green-curry.md - Dancing Chef packet; eggplant, long beans, carrot (the user's usual); Sunday for 3 pax
A63: Chicken noodle soup | B63: Soup | C63: =IFERROR(IF(MAXIFS('Cook log'!A2:A1000,'Cook log'!C2:C1000,A63)=0,"",MAXIFS('Cook log'!A2:A1000,'Cook log'!C2:C1000,A63)),"") | D63: =IF(C63="","",TODAY()-C63) | E63: =COUNTIF('Cook log'!C2:C1000,A63) | F63: 28 | G63: =IF(C63="","Never cooked",IF(D63<F63,"Cooldown","Due"))
A64: Nasi lemak | B64: Rice | C64: =IFERROR(IF(MAXIFS('Cook log'!A2:A1000,'Cook log'!C2:C1000,A64)=0,"",MAXIFS('Cook log'!A2:A1000,'Cook log'!C2:C1000,A64)),"") | D64: =IF(C64="","",TODAY()-C64) | E64: =COUNTIF('Cook log'!C2:C1000,A64) | F64: 28 | G64: =IF(C64="","Never cooked",IF(D64<F64,"Cooldown","Due"))
A65: Fried chicken wings | B65: Chicken | C65: =IFERROR(IF(MAXIFS('Cook log'!A2:A1000,'Cook log'!C2:C1000,A65)=0,"",MAXIFS('Cook log'!A2:A1000,'Cook log'!C2:C1000,A65)),"") | D65: =IF(C65="","",TODAY()-C65) | E65: =COUNTIF('Cook log'!C2:C1000,A65) | F65: 21 | G65: =IF(C65="","Never cooked",IF(D65<F65,"Cooldown","Due"))
A66: Tamagoyaki | B66: Egg | C66: =IFERROR(IF(MAXIFS('Cook log'!A2:A1000,'Cook log'!C2:C1000,A66)=0,"",MAXIFS('Cook log'!A2:A1000,'Cook log'!C2:C1000,A66)),"") | D66: =IF(C66="","",TODAY()-C66) | E66: =COUNTIF('Cook log'!C2:C1000,A66) | F66: 21 | G66: =IF(C66="","Never cooked",IF(D66<F66,"Cooldown","Due"))
A67: Sweet and sour pork | B67: Pork | C67: =IFERROR(IF(MAXIFS('Cook log'!A2:A1000,'Cook log'!C2:C1000,A67)=0,"",MAXIFS('Cook log'!A2:A1000,'Cook log'!C2:C1000,A67)),"") | D67: =IF(C67="","",TODAY()-C67) | E67: =COUNTIF('Cook log'!C2:C1000,A67) | F67: 28 | G67: =IF(C67="","Never cooked",IF(D67<F67,"Cooldown","Due"))
A68: Rösti | B68: Side | C68: =IFERROR(IF(MAXIFS('Cook log'!A2:A1000,'Cook log'!C2:C1000,A68)=0,"",MAXIFS('Cook log'!A2:A1000,'Cook log'!C2:C1000,A68)),"") | D68: =IF(C68="","",TODAY()-C68) | E68: =COUNTIF('Cook log'!C2:C1000,A68) | F68: 28 | G68: =IF(C68="","Never cooked",IF(D68<F68,"Cooldown","Due"))
A69: Stir fried dou miao | B69: Vegetable | C69: =IFERROR(IF(MAXIFS('Cook log'!A2:A1000,'Cook log'!C2:C1000,A69)=0,"",MAXIFS('Cook log'!A2:A1000,'Cook log'!C2:C1000,A69)),"") | D69: =IF(C69="","",TODAY()-C69) | E69: =COUNTIF('Cook log'!C2:C1000,A69) | F69: 14 | G69: =IF(C69="","Never cooked",IF(D69<F69,"Cooldown","Due"))
A70: Threadfin kabayaki | B70: Fish | C70: =IFERROR(IF(MAXIFS('Cook log'!A2:A1000,'Cook log'!C2:C1000,A70)=0,"",MAXIFS('Cook log'!A2:A1000,'Cook log'!C2:C1000,A70)),"") | D70: =IF(C70="","",TODAY()-C70) | E70: =COUNTIF('Cook log'!C2:C1000,A70) | F70: 21 | G70: =IF(C70="","Never cooked",IF(D70<F70,"Cooldown","Due")) | H70: Same recipe as salmon kabayaki
A71: Prawn pancake | B71: Side | C71: =IFERROR(IF(MAXIFS('Cook log'!A2:A1000,'Cook log'!C2:C1000,A71)=0,"",MAXIFS('Cook log'!A2:A1000,'Cook log'!C2:C1000,A71)),"") | D71: =IF(C71="","",TODAY()-C71) | E71: =COUNTIF('Cook log'!C2:C1000,A71) | F71: 21 | G71: =IF(C71="","Never cooked",IF(D71<F71,"Cooldown","Due"))
A72: Korean fried chicken wings | B72: Chicken | F72: 21 | H72: 3 sauces: honey soy / black pepper / spicy sweet
A73: Sambal kangkong | B73: Vegetable | F73: 14
A74: Beancurd meat rolls | B74: Side | F74: 28 | H74: Dim sum, prawn + pork filling
A75: Fried yellow croaker | B75: Fish | F75: 21
A76: Lotus root pork rib soup | B76: Soup | F76: 21
A77: Steamed egg tofu with minced pork | B77: Egg | F77: 21 | H77: With dried scallop
A78: Pandan chicken | B78: Chicken | F78: 28 | H78: Thai style
A79: Beef stew | B79: Beef | F79: 35 | H79: Roland's classic Western braise
A80: Garlic bread | B80: Side | F80: 21
A81: Egg omelette | B81: Egg | F81: 14
A82: Ikan bilis | B82: Side | F82: 14 | H82: For nasi lemak
A83: Stir fried vegetable | B83: Vegetable | F83: 7 | H83: Generic placeholder
A84: Fried yam shrimp | B84: Prawn | F84: 35 | H84: Dim sum
A85: Japanese mushroom rice | B85: Rice | F85: 28 | H85: Takikomi gohan with shimeji/king oyster/shiitake
A86: Spinach ban mian | B86: Noodle | C86: =IFERROR(IF(MAXIFS('Cook log'!A2:A1000,'Cook log'!C2:C1000,A86)=0,"",MAXIFS('Cook log'!A2:A1000,'Cook log'!C2:C1000,A86)),"") | D86: =IF(C86="","",TODAY()-C86) | E86: =COUNTIF('Cook log'!C2:C1000,A86) | F86: 21 | G86: =IF(C86="","Never cooked",IF(D86<F86,"Cooldown","Due"))
A87: Japanese miso butter mushroom | B87: Vegetable | C87: =IFERROR(IF(MAXIFS('Cook log'!A2:A1000,'Cook log'!C2:C1000,A87)=0,"",MAXIFS('Cook log'!A2:A1000,'Cook log'!C2:C1000,A87)),"") | D87: =IF(C87="","",TODAY()-C87) | E87: =COUNTIF('Cook log'!C2:C1000,A87) | F87: 28 | G87: =IF(C87="","Never cooked",IF(D87<F87,"Cooldown","Due")) | H87: Foil yaki, assorted Japanese mushrooms
A88: Fishball minced pork soup | B88: Soup | C88: =IFERROR(IF(MAXIFS('Cook log'!A2:A1000,'Cook log'!C2:C1000,A88)=0,"",MAXIFS('Cook log'!A2:A1000,'Cook log'!C2:C1000,A88)),"") | D88: =IF(C88="","",TODAY()-C88) | E88: =COUNTIF('Cook log'!C2:C1000,A88) | F88: 21 | G88: =IF(C88="","Never cooked",IF(D88<F88,"Cooldown","Due")) | H88: Adaptable — add blanched leafy greens
A89: Cheesy baked rice | B89: Rice | C89: =IFERROR(IF(MAXIFS('Cook log'!A2:A1000,'Cook log'!C2:C1000,A89)=0,"",MAXIFS('Cook log'!A2:A1000,'Cook log'!C2:C1000,A89)),"") | D89: =IF(C89="","",TODAY()-C89) | E89: =COUNTIF('Cook log'!C2:C1000,A89) | F89: 28 | G89: =IF(C89="","Never cooked",IF(D89<F89,"Cooldown","Due")) | H89: Family recipe (Pa) — seafood + cheese
A90: Claypot tofu (tofu hotplate with broccoli) | B90: Egg | C90: =IFERROR(IF(MAXIFS('Cook log'!A2:A1000,'Cook log'!C2:C1000,A90)=0,"",MAXIFS('Cook log'!A2:A1000,'Cook log'!C2:C1000,A90)),"") | D90: =IF(C90="","",TODAY()-C90) | E90: =COUNTIF('Cook log'!C2:C1000,A90) | F90: 21 | G90: =IF(C90="","Never cooked",IF(D90<F90,"Cooldown","Due")) | H90: recipes/claypot-tofu.md. Broccoli substitutes the snow peas. Merged with the old "Tofu hotplate with broccoli" row - same dish
A91: Yang Zhou fried rice | B91: Rice | C91: =IFERROR(IF(MAXIFS('Cook log'!A2:A1000,'Cook log'!C2:C1000,A91)=0,"",MAXIFS('Cook log'!A2:A1000,'Cook log'!C2:C1000,A91)),"") | D91: =IF(C91="","",TODAY()-C91) | E91: =COUNTIF('Cook log'!C2:C1000,A91) | F91: 28 | G91: =IF(C91="","Never cooked",IF(D91<F91,"Cooldown","Due")) | H91: With jin hua ham
A92: Prawn noodle soup | B92: Noodle | C92: =IFERROR(IF(MAXIFS('Cook log'!A2:A1000,'Cook log'!C2:C1000,A92)=0,"",MAXIFS('Cook log'!A2:A1000,'Cook log'!C2:C1000,A92)),"") | D92: =IF(C92="","",TODAY()-C92) | E92: =COUNTIF('Cook log'!C2:C1000,A92) | F92: 21 | G92: =IF(C92="","Never cooked",IF(D92<F92,"Cooldown","Due"))
A93: Baked salmon with herbs | B93: Fish | C93: =IFERROR(IF(MAXIFS('Cook log'!A2:A1000,'Cook log'!C2:C1000,A93)=0,"",MAXIFS('Cook log'!A2:A1000,'Cook log'!C2:C1000,A93)),"") | D93: =IF(C93="","",TODAY()-C93) | E93: =COUNTIF('Cook log'!C2:C1000,A93) | F93: 21 | G93: =IF(C93="","Never cooked",IF(D93<F93,"Cooldown","Due"))
A94: Stir-fry beef ramen | B94: Noodle | C94: =IFERROR(IF(MAXIFS('Cook log'!A2:A1000,'Cook log'!C2:C1000,A94)=0,"",MAXIFS('Cook log'!A2:A1000,'Cook log'!C2:C1000,A94)),"") | D94: =IF(C94="","",TODAY()-C94) | E94: =COUNTIF('Cook log'!C2:C1000,A94) | F94: 21 | G94: =IF(C94="","Never cooked",IF(D94<F94,"Cooldown","Due"))
A95: HK steamed chicken rice | B95: Rice | C95: =IFERROR(IF(MAXIFS('Cook log'!A2:A1000,'Cook log'!C2:C1000,A95)=0,"",MAXIFS('Cook log'!A2:A1000,'Cook log'!C2:C1000,A95)),"") | D95: =IF(C95="","",TODAY()-C95) | E95: =COUNTIF('Cook log'!C2:C1000,A95) | F95: 21 | G95: =IF(C95="","Never cooked",IF(D95<F95,"Cooldown","Due"))
A96: Wat Tan Hor Fun | B96: Noodle | C96: =IFERROR(IF(MAXIFS('Cook log'!A2:A1000,'Cook log'!C2:C1000,A96)=0,"",MAXIFS('Cook log'!A2:A1000,'Cook log'!C2:C1000,A96)),"") | D96: =IF(C96="","",TODAY()-C96) | E96: =COUNTIF('Cook log'!C2:C1000,A96) | F96: 21 | G96: =IF(C96="","Never cooked",IF(D96<F96,"Cooldown","Due"))
A97: Seafood pao fan | B97: Soup | C97: =IFERROR(IF(MAXIFS('Cook log'!A2:A1000,'Cook log'!C2:C1000,A97)=0,"",MAXIFS('Cook log'!A2:A1000,'Cook log'!C2:C1000,A97)),"") | D97: =IF(C97="","",TODAY()-C97) | E97: =COUNTIF('Cook log'!C2:C1000,A97) | F97: 21 | G97: =IF(C97="","Never cooked",IF(D97<F97,"Cooldown","Due"))
A98: Pepper lunch beef rice | B98: Rice | C98: =IFERROR(IF(MAXIFS('Cook log'!A2:A1000,'Cook log'!C2:C1000,A98)=0,"",MAXIFS('Cook log'!A2:A1000,'Cook log'!C2:C1000,A98)),"") | D98: =IF(C98="","",TODAY()-C98) | E98: =COUNTIF('Cook log'!C2:C1000,A98) | F98: 21 | G98: =IF(C98="","Never cooked",IF(D98<F98,"Cooldown","Due"))
A99: Tonjiru | B99: Soup | C99: =IFERROR(IF(MAXIFS('Cook log'!A2:A1000,'Cook log'!C2:C1000,A99)=0,"",MAXIFS('Cook log'!A2:A1000,'Cook log'!C2:C1000,A99)),"") | D99: =IF(C99="","",TODAY()-C99) | E99: =COUNTIF('Cook log'!C2:C1000,A99) | F99: 21 | G99: =IF(C99="","Never cooked",IF(D99<F99,"Cooldown","Due"))
A100: Chicken chop & mushroom noodles | B100: Noodle | C100: =IFERROR(IF(MAXIFS('Cook log'!A2:A1000,'Cook log'!C2:C1000,A100)=0,"",MAXIFS('Cook log'!A2:A1000,'Cook log'!C2:C1000,A100)),"") | D100: =IF(C100="","",TODAY()-C100) | E100: =COUNTIF('Cook log'!C2:C1000,A100) | F100: 21 | G100: =IF(C100="","Never cooked",IF(D100<F100,"Cooldown","Due"))
A101: Stir-fried eggs and prawns | B101: Prawn | C101: =IFERROR(IF(MAXIFS('Cook log'!A2:A1000,'Cook log'!C2:C1000,A101)=0,"",MAXIFS('Cook log'!A2:A1000,'Cook log'!C2:C1000,A101)),"") | D101: =IF(C101="","",TODAY()-C101) | E101: =COUNTIF('Cook log'!C2:C1000,A101) | F101: 21 | G101: =IF(C101="","Never cooked",IF(D101<F101,"Cooldown","Due")) | H101: Household - no recipe file. Eggs cooked firm, prawns opaque
...

Sheet Reference
A1: Categories
A2: Beef
A3: Chicken
A4: Egg
A5: Fish
A6: Noodle
A7: Other
A8: Pork
A9: Prawn
A10: Rice
A11: Side
A12: Soup
... A14: Western
